AgentID,AgentName,AgencyName,AgentPhone,AgentEmail,OfficeLocation
AGT500,Javier Johnson,Home Finders,2348023756669,williamjohnson@baldwin.net,"Ikeja, Lagos"
AGT501,Ian Cooper,Home Finders,2348055176955,blairamanda@yahoo.com,"Garki, Abuja FCT"
AGT502,Holly Wood,Home Finders,2348041244663,jacqueline19@jackson.biz,"Asokoro, Abuja FCT"
AGT503,Jennifer Rocha,Home Finders,2348052339391,josephwright@hotmail.com,"Fagge, Kano"
AGT504,James Ferrell,Home Finders,2348078387461,frazierdanny@hotmail.com,"Port Harcourt, Rivers"
AGT505,Katie Gonzalez,Nest Away,2348031227574,amberosborne@hotmail.com,"Ibadan, Oyo"
AGT506,Rose Spence,Home Finders,2348086149359,donnaarroyo@baker.biz,"Ikeja, Lagos"
AGT507,Andre Rivera,Nest Away,2348070597444,elizabeth38@cummings.org,"Port Harcourt, Rivers"
AGT508,Maria Brown,Nest Away,2348027758595,wrightjames@yahoo.com,"Nasarawa, Kano"
AGT509,Mr. James Brown,Home Finders,2348035529407,gallowayjoseph@yahoo.com,"Yaba, Lagos"
AGT510,Cody Larson,Home Finders,2348060864911,kwilson@riley.org,"Bonny, Rivers"
AGT511,Timothy Walls,Home Finders,2348019196777,khowell@jones.net,"Kano, Kano"
AGT512,Brandy Wilson,Home Finders,2348019736572,josephjacobs@cooper.net,"Ogbomosho, Oyo"
AGT513,Jessica Smith,Nest Away,2348050181935,amydavenport@tran.com,"Ibadan, Oyo"
AGT514,Allison Doyle,Home Finders,2348031687165,vpham@gmail.com,"Oyo Town, Oyo"
AGT515,Garrett Lin,Home Finders,2348085146293,darlene68@yahoo.com,"Surulere, Lagos"
AGT516,Andrew Graham,Home Finders,2348050962024,ryan59@alvarado-martinez.com,"Lekki, Lagos"
AGT517,Elizabeth Clark,Home Finders,2348052101056,rramos@gmail.com,"Nasarawa, Kano"
AGT518,Curtis Johnson,Nest Away,2348053779528,xcarr@gibson.org,"Oyo Town, Oyo"
AGT519,John Schmidt,Nest Away,2348069295515,usalazar@hotmail.com,"Maitama, Abuja FCT"
AGT520,Cynthia Rogers,Nest Away,2348065625330,edwardreyes@mccarthy.biz,"Lekki, Lagos"
AGT521,Kimberly Morrison,Nest Away,2348092228802,brobinson@johnson-rogers.biz,"Bonny, Rivers"
AGT522,George Hobbs,Home Finders,2348030244148,fking@yahoo.com,"Ogbomosho, Oyo"
AGT523,Kristy Robinson,Nest Away,2348066240084,gary91@gmail.com,"Obio-Akpor, Rivers"
AGT524,Lori Garcia,Home Finders,2348096268397,hoganashlee@gmail.com,"Kano, Kano"
AGT525,Jessica Gross,Home Finders,2348014164775,umarshall@hotmail.com,"Kano, Kano"
AGT526,David Ramirez,Nest Away,2348060372847,blackjames@gmail.com,"Oyo Town, Oyo"
AGT527,Hailey Barajas,Nest Away,2348058612055,jacqueline44@yahoo.com,"Oyo Town, Oyo"
AGT528,Isaac Turner,Home Finders,2348076344695,brandon08@terry-martinez.info,"Kano, Kano"
AGT529,Brittany Shepherd,Home Finders,2348022489409,mcknightdavid@yahoo.com,"Kano, Kano"
AGT530,Annette Farmer,Home Finders,2348081922443,donna23@arnold.com,"Ibadan, Oyo"
AGT531,Taylor Coleman,Nest Away,2348023769080,rebekahserrano@brown.org,"Surulere, Lagos"
AGT532,Lindsey Johnson,Nest Away,2348065857931,keyemily@johnston-hines.com,"Maitama, Abuja FCT"
AGT533,Christopher Jenkins,Home Finders,2348064830300,elaine68@gmail.com,"Asokoro, Abuja FCT"
AGT534,Carlos Roberts,Home Finders,2348089865458,johnsoncrystal@gmail.com,"Ogbomosho, Oyo"
AGT535,Jennifer Olson,Home Finders,2348087342561,stephenthomas@gmail.com,"Lekki, Lagos"
AGT536,Mrs. Brittany Ryan MD,Nest Away,2348014925405,mcantu@hotmail.com,"Ibadan, Oyo"
AGT537,Andrew Shaw MD,Home Finders,2348083715012,dgarcia@bowen.com,"Bonny, Rivers"
AGT538,Mark Mccall,Nest Away,2348074759996,hamiltoncorey@padilla.com,"Maitama, Abuja FCT"
AGT539,Kathleen Aguilar,Nest Away,2348075007200,dlittle@estrada-nolan.info,"Fagge, Kano"
AGT540,James Howard,Home Finders,2348069096899,andrew64@gmail.com,"Asokoro, Abuja FCT"
AGT541,Breanna Davis,Home Finders,2348094712997,kristina09@oconnor-davis.com,"Port Harcourt, Rivers"
AGT542,Gina Wilson,Home Finders,2348020598952,karenperez@ramsey.net,"Asokoro, Abuja FCT"
AGT543,Alexander Henson,Home Finders,2348071315464,deborahreid@yahoo.com,"Port Harcourt, Rivers"
AGT544,Michael Paul,Home Finders,2348095445405,nicolepena@yahoo.com,"Obio-Akpor, Rivers"
AGT545,Daniel Fowler,Home Finders,2348082398083,buchananjohn@buchanan.com,"Oyo Town, Oyo"
AGT546,Richard Young,Nest Away,2348026587799,thompsonbrian@hotmail.com,"Ogbomosho, Oyo"
AGT547,Victor Brown,Nest Away,2348025585427,gsimmons@yahoo.com,"Lekki, Lagos"
AGT548,Jessica Mcguire,Home Finders,2348083076970,russellbeasley@morgan-chavez.biz,"Port Harcourt, Rivers"
AGT549,Jacqueline Anderson,Nest Away,2348038984499,elizabeth65@pugh.com,"Fagge, Kano"
AGT550,Donald Perez,Home Finders,2348066500369,lynchdiane@hotmail.com,"Ibadan, Oyo"
AGT551,Cindy Barnes,Home Finders,2348020843514,mitchellgriffith@hotmail.com,"Obio-Akpor, Rivers"
AGT552,Daniel Hunt,Home Finders,2348070867592,rrodriguez@hotmail.com,"Asokoro, Abuja FCT"
AGT553,Paul Thompson,Home Finders,2348065137801,vincentwhitaker@yahoo.com,"Nasarawa, Kano"
AGT554,Vincent Jackson,Nest Away,2348098292612,christopher13@yahoo.com,"Ibadan, Oyo"
AGT555,David Thompson,Home Finders,2348031127115,thompsonkendra@marshall-elliott.org,"Fagge, Kano"
AGT556,Jesse Brown,Home Finders,2348067702031,newmantiffany@gmail.com,"Bonny, Rivers"
AGT557,Steven Cooper,Home Finders,2348027339011,benjaminzimmerman@warren-bishop.com,"Oyo Town, Oyo"
AGT558,Samuel Brandt,Home Finders,2348064362516,christopher25@ponce-hale.biz,"Bonny, Rivers"
AGT559,Katelyn Perez,Nest Away,2348078444607,chrisrichard@romero.net,"Ogbomosho, Oyo"
AGT560,Emily Stokes,Home Finders,2348030261159,michealvalentine@yahoo.com,"Kano, Kano"
AGT561,Christopher Cole,Nest Away,2348087890494,odavis@wilkerson-arias.biz,"Oyo Town, Oyo"
AGT562,Aaron Miller,Home Finders,2348060043345,marydunn@hotmail.com,"Asokoro, Abuja FCT"
AGT563,Lynn Andrews,Home Finders,2348098054173,ruben95@duncan.com,"Lekki, Lagos"
AGT564,Nicholas Fuller,Home Finders,2348040406092,bradleypayne@hotmail.com,"Ibadan, Oyo"
AGT565,Eric Sanders,Nest Away,2348048242379,benjamin34@yahoo.com,"Lekki, Lagos"
AGT566,Tim Stone PhD,Nest Away,2348026733967,jordanwanda@gmail.com,"Ikeja, Lagos"
AGT567,Jessica Fowler,Home Finders,2348023298711,lambertrichard@owen.com,"Port Harcourt, Rivers"
AGT568,Billy Taylor,Home Finders,2348048668339,redwards@gmail.com,"Fagge, Kano"
AGT569,Katherine Martinez,Home Finders,2348099170406,tthompson@osborn-cochran.com,"Surulere, Lagos"
AGT570,Jackie Lara,Home Finders,2348083284724,jonesraymond@higgins.org,"Lekki, Lagos"
AGT571,Frank Fletcher,Home Finders,2348014915156,meghan43@hotmail.com,"Ogbomosho, Oyo"
AGT572,Martin Ray,Nest Away,2348090859912,bmontgomery@small-gardner.com,"Nasarawa, Kano"
AGT573,Nathan Gross,Nest Away,2348058762794,xanderson@hotmail.com,"Obio-Akpor, Rivers"
AGT574,Cheryl Moore,Nest Away,2348052196099,fkoch@gmail.com,"Port Harcourt, Rivers"
AGT575,Adam Rodriguez,Home Finders,2348052894344,jessica65@morales.net,"Garki, Abuja FCT"
AGT576,Holly Thomas,Nest Away,2348084040798,williamsderrick@yahoo.com,"Surulere, Lagos"
AGT577,Ronald Patel,Home Finders,2348068065043,xcabrera@yahoo.com,"Kano, Kano"
AGT578,Melody Lee,Nest Away,2348087933054,robert63@yahoo.com,"Ibadan, Oyo"
AGT579,Hector Ingram,Home Finders,2348074819756,plee@yahoo.com,"Yaba, Lagos"
AGT580,Kimberly Huang,Home Finders,2348042445506,stephanie24@gmail.com,"Port Harcourt, Rivers"
AGT581,Taylor Perez,Home Finders,2348062780072,garciamark@garcia-townsend.com,"Bonny, Rivers"
AGT582,Parker Jefferson,Nest Away,2348085405783,robertmonroe@osborn.info,"Bonny, Rivers"
AGT583,Julie Lee,Nest Away,2348015402922,francisco74@lopez.org,"Kano, Kano"
AGT584,Jeremy Adams,Nest Away,2348050237208,brandi90@yahoo.com,"Ibadan, Oyo"
AGT585,Tyler Mendoza,Home Finders,2348014237322,robert87@hotmail.com,"Nasarawa, Kano"
AGT586,Joshua Martin,Home Finders,2348033244151,frazierjennifer@yahoo.com,"Oyo Town, Oyo"
AGT587,Jeff Graves,Home Finders,2348026357665,andersenthomas@ortiz-mack.biz,"Oyo Town, Oyo"
AGT588,Nathan Coleman,Home Finders,2348092634772,johnreed@yahoo.com,"Maitama, Abuja FCT"
AGT589,Daniel Shields,Home Finders,2348048307798,williamroberts@johnston.com,"Port Harcourt, Rivers"
AGT590,Jennifer Evans,Home Finders,2348070981700,oallen@mathews-thomas.info,"Oyo Town, Oyo"
AGT591,Larry Williams,Nest Away,2348079159799,lindamatthews@hansen.com,"Kano, Kano"
AGT592,Dennis Hunt,Home Finders,2348041715995,ugarcia@yahoo.com,"Nasarawa, Kano"
AGT593,Danielle Pierce,Nest Away,2348099133246,kathryn77@yahoo.com,"Kano, Kano"
AGT594,Alexa Wagner,Home Finders,2348070858653,williamsonelizabeth@hotmail.com,"Asokoro, Abuja FCT"
AGT595,Daisy Harvey,Home Finders,2348064877191,joseph61@yahoo.com,"Kano, Kano"
AGT596,Maria Rivera,Nest Away,2348060905625,hallrachel@clay.com,"Lekki, Lagos"
AGT597,Sarah Rhodes,Nest Away,2348068916591,icampos@hotmail.com,"Nasarawa, Kano"
AGT598,Todd Reynolds,Home Finders,2348056226575,bartonkenneth@gmail.com,"Nasarawa, Kano"
AGT599,Justin Hunt,Nest Away,2348042595918,davisangela@george.com,"Port Harcourt, Rivers"
AGT600,Jeffrey Fisher,Home Finders,2348012058055,wardsheryl@hotmail.com,"Kano, Kano"
AGT601,Rodney Curtis,Home Finders,2348059755172,malik37@thompson-sanders.com,"Bonny, Rivers"
AGT602,Randall Johnson,Nest Away,2348071851421,samuelcarter@hotmail.com,"Nasarawa, Kano"
AGT603,Jonathon Knapp,Home Finders,2348018113477,gibbsmichael@hotmail.com,"Asokoro, Abuja FCT"
AGT604,Kristin Watts,Home Finders,2348045879718,dbrooks@chapman.com,"Kano, Kano"
AGT605,Andrew Page,Home Finders,2348085947990,deborah23@thompson.info,"Surulere, Lagos"
AGT606,Amy Garcia,Home Finders,2348085693188,mark71@lambert-burns.com,"Nasarawa, Kano"
AGT607,Kayla Barnes,Home Finders,2348095110541,fhenderson@medina.com,"Fagge, Kano"
AGT608,Michael Perry PhD,Home Finders,2348058412365,christopherjohnson@gmail.com,"Garki, Abuja FCT"
AGT609,Nicole Wolf,Nest Away,2348011656329,veronicagarcia@hotmail.com,"Fagge, Kano"
AGT610,Daniel Clark,Home Finders,2348058469365,amanda98@morris.com,"Port Harcourt, Rivers"
AGT611,Danielle Dawson,Nest Away,2348052168966,kburns@adams.com,"Asokoro, Abuja FCT"
AGT612,Samantha Simpson,Home Finders,2348064914054,matthew92@hotmail.com,"Lekki, Lagos"
AGT613,Shannon Mcdowell,Home Finders,2348043316996,john52@sanders.com,"Lekki, Lagos"
AGT614,Benjamin Reyes,Home Finders,2348013296743,edwardsnicole@reyes.com,"Ibadan, Oyo"
AGT615,Leah Cruz,Home Finders,2348056047142,kylie34@hotmail.com,"Oyo Town, Oyo"
AGT616,Brian Porter MD,Nest Away,2348010597274,sarah26@fisher.info,"Lekki, Lagos"
AGT617,Martin Medina,Home Finders,2348057242616,christopher18@mccann.net,"Obio-Akpor, Rivers"
AGT618,Lee Parker,Nest Away,2348034931439,smithderrick@martin.net,"Obio-Akpor, Rivers"
AGT619,Ian Porter,Nest Away,2348075998330,eric19@sharp.com,"Asokoro, Abuja FCT"
AGT620,Jonathan Winters,Nest Away,2348059239353,lindajarvis@jones-marshall.com,"Kano, Kano"
AGT621,Kimberly Flynn,Home Finders,2348092698414,randolphandrew@reed.com,"Kano, Kano"
AGT622,David Bruce,Home Finders,2348029628462,stephen19@gmail.com,"Port Harcourt, Rivers"
AGT623,Benjamin Harris,Home Finders,2348018500100,danielcole@russell-herrera.com,"Ogbomosho, Oyo"
AGT624,Tracy Foster,Nest Away,2348071272827,jorge20@bond-hawkins.net,"Yaba, Lagos"
AGT625,Austin Orr,Home Finders,2348073995913,christopherboone@yahoo.com,"Port Harcourt, Rivers"
AGT626,Denise Griffin,Nest Away,2348027870584,mendezchristina@phillips.com,"Ikeja, Lagos"
AGT627,Jasmine White,Home Finders,2348028767690,anthonycochran@yahoo.com,"Fagge, Kano"
AGT628,Wendy Thompson,Nest Away,2348019531069,linda59@warner.org,"Port Harcourt, Rivers"
AGT629,Joseph Smith,Nest Away,2348063992760,matthewthompson@brown-hernandez.com,"Surulere, Lagos"
AGT630,Marie Thompson,Home Finders,2348068315400,elizabetholsen@yahoo.com,"Bonny, Rivers"
AGT631,Ashley Crawford,Home Finders,2348067622968,youngtoni@gmail.com,"Oyo Town, Oyo"
AGT632,James Payne Jr.,Home Finders,2348042823140,franciscojones@gmail.com,"Yaba, Lagos"
AGT633,Tommy Martin,Home Finders,2348039955391,brianrivera@gmail.com,"Ikeja, Lagos"
AGT634,Rodney Weber,Home Finders,2348010856024,collinclark@hotmail.com,"Ibadan, Oyo"
AGT635,Jeremy Baker,Home Finders,2348079760901,jeremy49@gmail.com,"Ikorodu, Lagos"
AGT636,Karen Miller,Nest Away,2348046501299,davidtodd@rush.com,"Ibadan, Oyo"
AGT637,Shane Buchanan,Home Finders,2348090973889,perryeddie@hotmail.com,"Port Harcourt, Rivers"
AGT638,Amanda Hill,Home Finders,2348039835008,vwilliams@young.com,"Port Harcourt, Rivers"
AGT639,Thomas Russell,Nest Away,2348076588957,lori82@gmail.com,"Bonny, Rivers"
AGT640,John Sanders,Home Finders,2348096255361,allentracy@thompson-harrell.org,"Lekki, Lagos"
AGT641,Maria Byrd,Nest Away,2348041240803,xpalmer@hotmail.com,"Ibadan, Oyo"
AGT642,Eric Meyer,Nest Away,2348035264294,smithyvonne@yahoo.com,"Surulere, Lagos"
AGT643,Chris Cannon,Home Finders,2348029825571,rguerrero@griffith.info,"Oyo Town, Oyo"
AGT644,Sara Walter,Home Finders,2348099326148,connor24@stokes.com,"Port Harcourt, Rivers"
AGT645,Lauren Blackburn,Home Finders,2348056548066,gpreston@dillon.net,"Lekki, Lagos"
AGT646,William Edwards,Nest Away,2348060829941,hayesjason@johnston.info,"Obio-Akpor, Rivers"
AGT647,Nicole Schmidt,Home Finders,2348089729429,simsjohn@wiley.net,"Bonny, Rivers"
AGT648,Colin Vaughan,Nest Away,2348083774469,perezjessica@gmail.com,"Ibadan, Oyo"
AGT649,Amber Wilson,Nest Away,2348098723294,qmartinez@yahoo.com,"Port Harcourt, Rivers"
AGT650,Brian Rodriguez,Home Finders,2348082672055,kimberlydecker@howard.com,"Surulere, Lagos"
AGT651,Penny Jones,Home Finders,2348070269093,dawn74@marshall-garcia.com,"Kano, Kano"
AGT652,Anna Briggs,Home Finders,2348079751366,moralessuzanne@houston-vaughn.info,"Port Harcourt, Rivers"
AGT653,Michael Roberson,Home Finders,2348033112256,hknapp@alexander-brown.com,"Ogbomosho, Oyo"
AGT654,Kristin Huerta,Home Finders,2348069473299,schneidereric@christian-booth.com,"Ogbomosho, Oyo"
AGT655,Joan Gates,Home Finders,2348035872271,david70@gmail.com,"Kano, Kano"
AGT656,Ruth Richard,Home Finders,2348031946425,xmoran@hotmail.com,"Obio-Akpor, Rivers"
AGT657,Natalie Ortiz,Home Finders,2348043875271,jacobconrad@yahoo.com,"Bonny, Rivers"
AGT658,Sara Webb,Nest Away,2348018568064,jessicaanderson@sandoval-obrien.com,"Fagge, Kano"
AGT659,Nicole Evans,Home Finders,2348088252116,jamesweber@yahoo.com,"Ibadan, Oyo"
AGT660,Jenny Smith,Home Finders,2348039974566,jamesbrian@gonzalez.com,"Fagge, Kano"
AGT661,Tammy Hughes,Nest Away,2348071414198,smithjohn@hotmail.com,"Wuse, Abuja FCT"
AGT662,Justin Anderson,Nest Away,2348067582820,riverajenna@gmail.com,"Yaba, Lagos"
AGT663,Emily Robinson,Home Finders,2348018762675,hartmanerik@herrera.com,"Ikorodu, Lagos"
AGT664,Lisa Haley,Home Finders,2348097314051,hmoon@yahoo.com,"Yaba, Lagos"
AGT665,Tiffany Jackson,Nest Away,2348098807116,clarkcrystal@hancock.com,"Wuse, Abuja FCT"
AGT666,Roberto Bartlett,Home Finders,2348015288944,zhayes@yahoo.com,"Fagge, Kano"
AGT667,Jessica Foster,Home Finders,2348072314252,omoore@francis.com,"Ibadan, Oyo"
AGT668,Matthew Hunt,Home Finders,2348055999465,jeffreydavenport@wilson.org,"Ibadan, Oyo"
AGT669,Benjamin Lee,Home Finders,2348092050405,qmurphy@yahoo.com,"Ikorodu, Lagos"
AGT670,Ian Frazier,Home Finders,2348074683506,wford@yahoo.com,"Nasarawa, Kano"
AGT671,Kevin Sullivan,Nest Away,2348041541166,arnoldamy@kennedy.com,"Yaba, Lagos"
AGT672,Krystal Brennan,Nest Away,2348055748676,ccrosby@juarez.com,"Kano, Kano"
AGT673,Michael Boyd,Nest Away,2348028850770,beth92@yahoo.com,"Kano, Kano"
AGT674,Jessica Hall,Nest Away,2348010582186,edwardmoore@hotmail.com,"Obio-Akpor, Rivers"
AGT675,Andrew Berry,Nest Away,2348056017729,crystalwilliams@thomas.net,"Bonny, Rivers"
AGT676,Ronald Burke,Home Finders,2348085467972,gary57@garza.com,"Nasarawa, Kano"
AGT677,Matthew Winters,Home Finders,2348018325904,xboyd@wolfe.com,"Maitama, Abuja FCT"
AGT678,Kelly Brooks,Nest Away,2348069467023,robert12@pearson-king.net,"Nasarawa, Kano"
AGT679,Patricia Sanders,Home Finders,2348031599504,adkinssean@avery.com,"Ikorodu, Lagos"
AGT680,Andrew Cruz,Nest Away,2348031390345,jennifer90@gmail.com,"Oyo Town, Oyo"
AGT681,Christopher Shea,Home Finders,2348053075436,elizabeth69@gmail.com,"Ibadan, Oyo"
AGT682,Jared Smith,Home Finders,2348066936428,jhunter@gordon.com,"Maitama, Abuja FCT"
AGT683,Connie Haynes,Home Finders,2348064711545,hmoses@hotmail.com,"Ogbomosho, Oyo"
AGT684,Cynthia Allen,Nest Away,2348063031203,jermaineconley@hotmail.com,"Ogbomosho, Oyo"
AGT685,William Moon IV,Nest Away,2348083487621,brianlloyd@ayers-johnson.com,"Ikorodu, Lagos"
AGT686,John Austin,Home Finders,2348019041276,victorclark@hotmail.com,"Ikeja, Lagos"
AGT687,Cassandra Porter,Nest Away,2348086082915,jevans@hotmail.com,"Fagge, Kano"
AGT688,Bryan Dillon,Home Finders,2348096644469,tiffanymitchell@nunez-freeman.info,"Ibadan, Oyo"
AGT689,Greg Edwards,Nest Away,2348039971710,catherine64@yahoo.com,"Nasarawa, Kano"
AGT690,Allison Sanders,Home Finders,2348045481411,bakereric@huynh.com,"Ibadan, Oyo"
AGT691,Wayne Wolfe,Home Finders,2348088876916,owelch@graham.com,"Nasarawa, Kano"
AGT692,Joseph Watts,Home Finders,2348090801793,xevans@yahoo.com,"Oyo Town, Oyo"
AGT693,James Baker,Home Finders,2348044663022,zacharymarsh@hotmail.com,"Nasarawa, Kano"
AGT694,Wayne Johnson,Nest Away,2348089268452,joseph70@davis.info,"Maitama, Abuja FCT"
AGT695,Ryan Roth,Nest Away,2348082381739,villegasjennifer@wise-ramos.com,"Nasarawa, Kano"
AGT696,Mark Gonzalez,Home Finders,2348090301439,teresayoung@nguyen-jackson.com,"Asokoro, Abuja FCT"
AGT697,Christian Herrera,Nest Away,2348059075919,tonystewart@kramer.info,"Fagge, Kano"
AGT698,Erica Mcdonald,Nest Away,2348063762374,schmidtshannon@weaver-gibson.net,"Obio-Akpor, Rivers"
AGT699,Frank Davis,Nest Away,2348098070348,conleydavid@harris.com,"Ikorodu, Lagos"
AGT700,Christine Henry,Home Finders,2348099880518,dowen@grant-hurley.biz,"Yaba, Lagos"
AGT701,Cassidy Curry,Home Finders,2348033492771,mirandabarbara@hotmail.com,"Garki, Abuja FCT"
AGT702,Kristine Lewis,Nest Away,2348025605267,suzanne76@gmail.com,"Ibadan, Oyo"
AGT703,Kayla Duncan,Home Finders,2348087002404,johnsonmichael@baker.com,"Kano, Kano"
AGT704,Laura Miller,Nest Away,2348059821155,michael66@kane.org,"Bonny, Rivers"
AGT705,Ann Reynolds,Home Finders,2348011129926,davidmiller@hotmail.com,"Maitama, Abuja FCT"
AGT706,Benjamin Frank,Home Finders,2348070495821,rodriguezrobert@yahoo.com,"Maitama, Abuja FCT"
AGT707,James Todd,Nest Away,2348050269906,singhjohn@mcintosh.com,"Obio-Akpor, Rivers"
AGT708,Mary Williams,Home Finders,2348057122567,campbellkristina@nelson.com,"Kano, Kano"
AGT709,Kari Harper,Home Finders,2348020618223,jamesrasmussen@house.net,"Wuse, Abuja FCT"
AGT710,James Cooke,Home Finders,2348032402343,jeremiah56@taylor.org,"Garki, Abuja FCT"
AGT711,Melinda Harris,Nest Away,2348032898616,haley82@forbes-daugherty.com,"Garki, Abuja FCT"
AGT712,Timothy Shannon,Home Finders,2348069305486,kimberlyrodriguez@gmail.com,"Fagge, Kano"
AGT713,Samuel Henry,Home Finders,2348083579795,jamesjohnson@schaefer.com,"Lekki, Lagos"
AGT714,Samantha Cortez,Nest Away,2348035233016,meyershannon@gmail.com,"Kano, Kano"
AGT715,Thomas Vaughn,Home Finders,2348041247296,cgallegos@sharp.com,"Lekki, Lagos"
AGT716,Jerry Cox,Home Finders,2348043565097,nicholasjames@gmail.com,"Port Harcourt, Rivers"
AGT717,Carlos Harris,Home Finders,2348074589542,ellismelissa@hotmail.com,"Maitama, Abuja FCT"
AGT718,Kristin Bryan,Home Finders,2348022009789,eddiedelgado@thomas.org,"Kano, Kano"
AGT719,Edwin Richardson,Home Finders,2348028083446,changmegan@gmail.com,"Ibadan, Oyo"
AGT720,Ryan Green,Nest Away,2348059273033,christinacrawford@hotmail.com,"Kano, Kano"
AGT721,Gene Castro,Nest Away,2348048000942,davidsonhannah@tyler-parker.net,"Fagge, Kano"
AGT722,Joe Grimes,Home Finders,2348039624910,abowers@hotmail.com,"Nasarawa, Kano"
AGT723,Sarah Duncan,Home Finders,2348038977615,brookehancock@yahoo.com,"Ibadan, Oyo"
AGT724,Susan Wallace,Nest Away,2348055300210,jstein@peterson.net,"Obio-Akpor, Rivers"
AGT725,Stephen Garcia,Nest Away,2348063296593,lanelarry@gmail.com,"Nasarawa, Kano"
AGT726,Gregory Flores,Home Finders,2348015064880,audrey21@austin-morgan.info,"Fagge, Kano"
AGT727,Melissa Jensen,Home Finders,2348087347488,lisa81@yahoo.com,"Garki, Abuja FCT"
AGT728,Jack White,Home Finders,2348016780654,shawn01@yahoo.com,"Fagge, Kano"
AGT729,Jennifer Gutierrez,Home Finders,2348028102047,terrireyes@clark-benson.biz,"Obio-Akpor, Rivers"
AGT730,Casey Blanchard,Home Finders,2348032717056,jenningscandace@murphy-newman.com,"Oyo Town, Oyo"
AGT731,Emily Hudson,Nest Away,2348013053200,wrobbins@gmail.com,"Lekki, Lagos"
AGT732,Kevin Garrett,Home Finders,2348062163068,ijames@gmail.com,"Wuse, Abuja FCT"
AGT733,Matthew Thomas,Home Finders,2348075757673,iproctor@gmail.com,"Lekki, Lagos"
AGT734,Jonathan Simon,Nest Away,2348079889565,khouse@yahoo.com,"Oyo Town, Oyo"
AGT735,Mark Alvarado,Home Finders,2348098077934,chloe58@harrison.info,"Ibadan, Oyo"
AGT736,William Lamb,Home Finders,2348092138779,todd28@york.com,"Wuse, Abuja FCT"
AGT737,Joseph Johnson,Home Finders,2348035938895,caitlinunderwood@mullins-gutierrez.biz,"Garki, Abuja FCT"
AGT738,Nicole Patel,Nest Away,2348092074794,jwells@hotmail.com,"Obio-Akpor, Rivers"
AGT739,Robert Scott,Nest Away,2348032345453,vmejia@gmail.com,"Ogbomosho, Oyo"
AGT740,Andrew Harvey,Home Finders,2348043565477,stephanielittle@rosario.biz,"Maitama, Abuja FCT"
AGT741,Mary Carrillo,Home Finders,2348034007090,kimberlyramirez@gmail.com,"Ogbomosho, Oyo"
AGT742,Susan Baldwin,Nest Away,2348098512648,jonesashley@waters-smith.info,"Yaba, Lagos"
AGT743,Jared Luna,Home Finders,2348016580878,aaronfinley@martinez-nichols.com,"Yaba, Lagos"
AGT744,Julian Ponce,Home Finders,2348046831833,heather15@miller-chen.com,"Nasarawa, Kano"
AGT745,Anthony French,Nest Away,2348094806492,zwilson@contreras.net,"Fagge, Kano"
AGT746,Summer Hoover,Home Finders,2348044147341,lcarr@meyers.com,"Fagge, Kano"
AGT747,Rebecca Duran,Home Finders,2348094181424,bryan42@jackson-wood.com,"Obio-Akpor, Rivers"
AGT748,Brandon Pearson,Nest Away,2348094088862,ysteele@yahoo.com,"Lekki, Lagos"
AGT749,David Wilson,Home Finders,2348025063426,michelle88@marshall.com,"Ibadan, Oyo"
AGT750,Dominique Hamilton,Home Finders,2348051739205,vwilliams@gmail.com,"Surulere, Lagos"
AGT751,David Gutierrez,Home Finders,2348046726921,evance@richards-brown.biz,"Ibadan, Oyo"
AGT752,Samuel Ellis,Home Finders,2348024217270,jeffrey49@clarke.org,"Port Harcourt, Rivers"
AGT753,Kevin Snow,Home Finders,2348040037183,butlerbradley@quinn-gordon.biz,"Surulere, Lagos"
AGT754,Eric Warner,Nest Away,2348023815327,iford@sullivan.info,"Obio-Akpor, Rivers"
AGT755,Susan Cox,Nest Away,2348086129797,reyessteven@diaz.net,"Surulere, Lagos"
AGT756,Mr. Bryan Mckinney,Nest Away,2348096568973,zoliver@hotmail.com,"Kano, Kano"
AGT757,Jason Fleming,Home Finders,2348088212291,creed@newman.com,"Nasarawa, Kano"
AGT758,David Washington,Nest Away,2348064496780,hernandezjustin@gmail.com,"Bonny, Rivers"
AGT759,Michael Wade,Nest Away,2348098305426,nathanfernandez@gmail.com,"Lekki, Lagos"
AGT760,Elizabeth Kemp,Nest Away,2348076861495,hmorgan@mendoza.com,"Wuse, Abuja FCT"
AGT761,Anita Hunt,Home Finders,2348073411376,mstewart@harding.com,"Nasarawa, Kano"
AGT762,Donna Shaffer,Home Finders,2348094463223,ltaylor@hotmail.com,"Maitama, Abuja FCT"
AGT763,Joel Bradley,Nest Away,2348030285078,jacobjames@henry.org,"Ogbomosho, Oyo"
AGT764,Terry Newman,Nest Away,2348056315279,hubbardtrevor@george.org,"Wuse, Abuja FCT"
AGT765,Shawn Taylor,Home Finders,2348081308986,nelsonrobert@williams-carter.com,"Ogbomosho, Oyo"
AGT766,Anne Carpenter,Home Finders,2348019120357,taylorjuan@jenkins-mccall.com,"Asokoro, Abuja FCT"
AGT767,Jack Montoya,Nest Away,2348098099795,jenniferjohnson@gmail.com,"Lekki, Lagos"
AGT768,Andrew Keller,Home Finders,2348033881291,qwilson@jones.com,"Port Harcourt, Rivers"
AGT769,Andrea Weiss,Home Finders,2348076800348,jenniferbrandt@winters.com,"Ikeja, Lagos"
AGT770,Chad Farmer,Nest Away,2348081847296,millertristan@yahoo.com,"Wuse, Abuja FCT"
AGT771,Adam Craig,Home Finders,2348094931806,qkim@miller.org,"Obio-Akpor, Rivers"
AGT772,Pamela Wheeler,Home Finders,2348097758252,thomas96@yahoo.com,"Ogbomosho, Oyo"
AGT773,Erin Turner,Nest Away,2348032909541,guerreroapril@sparks-harris.info,"Garki, Abuja FCT"
AGT774,Christopher Hopkins,Home Finders,2348065721070,travistaylor@hotmail.com,"Wuse, Abuja FCT"
AGT775,Johnny Arellano,Home Finders,2348029204927,luke09@gmail.com,"Nasarawa, Kano"
AGT776,Leslie Lozano,Nest Away,2348078120967,danny20@nguyen.org,"Yaba, Lagos"
AGT777,Christine Crawford,Home Finders,2348024015162,christinacox@yahoo.com,"Maitama, Abuja FCT"
AGT778,Laura Vargas,Home Finders,2348019868991,knightamanda@yahoo.com,"Surulere, Lagos"
AGT779,Kimberly Ibarra,Home Finders,2348072482955,vlewis@adams-little.org,"Yaba, Lagos"
AGT780,Dawn Burke,Nest Away,2348043105363,daniellee@gmail.com,"Fagge, Kano"
AGT781,Steven Edwards,Nest Away,2348039260335,lesterrichard@yahoo.com,"Bonny, Rivers"
AGT782,Natasha Walls,Nest Away,2348054681905,daniellewis@gonzales-king.org,"Ibadan, Oyo"
AGT783,Jacob Parker,Nest Away,2348018993381,vazquezkristina@king.com,"Nasarawa, Kano"
AGT784,Lynn Suarez,Nest Away,2348077303492,hillchristopher@yahoo.com,"Ikeja, Lagos"
AGT785,Martin Smith,Nest Away,2348030199508,lee11@wright.com,"Surulere, Lagos"
AGT786,Theresa Wilkerson,Nest Away,2348099369591,vaughansandra@salazar.info,"Nasarawa, Kano"
AGT787,Thomas Chavez,Nest Away,2348048285148,walkerjames@yahoo.com,"Ibadan, Oyo"
AGT788,Dennis Williamson,Nest Away,2348050474667,brandi71@harrison.biz,"Ibadan, Oyo"
AGT789,Linda Goodman,Home Finders,2348083948598,kingchristine@madden-lambert.com,"Bonny, Rivers"
AGT790,Erik Good,Home Finders,2348075829146,julie64@yahoo.com,"Obio-Akpor, Rivers"
AGT791,John Wilson,Nest Away,2348069391930,alexandervanessa@hotmail.com,"Port Harcourt, Rivers"
AGT792,Lauren Bonilla,Nest Away,2348072024691,pknapp@rhodes-clay.com,"Port Harcourt, Rivers"
AGT793,Wayne Douglas,Home Finders,2348065989834,stacey92@gmail.com,"Ogbomosho, Oyo"
AGT794,Daniel Price,Home Finders,2348088068345,deborah21@yahoo.com,"Ibadan, Oyo"
AGT795,Lisa Hamilton,Nest Away,2348053299559,williamsmatthew@yahoo.com,"Wuse, Abuja FCT"
AGT796,Carl Leach,Home Finders,2348084981433,dphillips@jones.biz,"Garki, Abuja FCT"
AGT797,Michael Edwards,Home Finders,2348040410305,qhanson@yahoo.com,"Ibadan, Oyo"
AGT798,Michael Melton,Home Finders,2348022952493,christine95@hotmail.com,"Surulere, Lagos"
AGT799,Randy Hernandez,Nest Away,2348039124988,wilsonrachel@hotmail.com,"Fagge, Kano"
AGT800,Sarah Mclaughlin,Nest Away,2348024806384,freemantodd@hotmail.com,"Maitama, Abuja FCT"
AGT801,Alisha Roberts,Home Finders,2348073844258,ocooper@robinson.org,"Maitama, Abuja FCT"
AGT802,Paul Estrada,Nest Away,2348064262755,jamesobrien@leon.com,"Lekki, Lagos"
AGT803,Barbara Walker,Home Finders,2348094338531,kristen08@yahoo.com,"Ikeja, Lagos"
AGT804,Amanda Garcia,Nest Away,2348045120118,rhondamoore@erickson-gill.info,"Wuse, Abuja FCT"
AGT805,Angela Watson,Nest Away,2348024681002,crystal32@hotmail.com,"Obio-Akpor, Rivers"
AGT806,Angela Edwards,Home Finders,2348088378721,wbrown@keller.com,"Ikorodu, Lagos"
AGT807,Melody Griffin,Home Finders,2348071862210,zterry@sullivan.com,"Surulere, Lagos"
AGT808,Daisy Schroeder,Home Finders,2348092520800,dennismckenzie@yahoo.com,"Wuse, Abuja FCT"
AGT809,Stephanie Burton,Nest Away,2348081278157,kevin92@gray.net,"Yaba, Lagos"
AGT810,Kelly Foster,Nest Away,2348077001977,cfields@hotmail.com,"Asokoro, Abuja FCT"
AGT811,Ashley Wood,Home Finders,2348048526473,millsdavid@yahoo.com,"Bonny, Rivers"
AGT812,Patrick Smith,Home Finders,2348098405286,harrellrobert@hotmail.com,"Maitama, Abuja FCT"
AGT813,Mary Ortiz,Nest Away,2348022112987,cmorgan@wu.com,"Surulere, Lagos"
AGT814,Denise Harris,Home Finders,2348083248658,romancatherine@yahoo.com,"Yaba, Lagos"
AGT815,Charles Scott,Nest Away,2348041726640,kristopherrussell@brown.com,"Fagge, Kano"
AGT816,Kyle Young,Home Finders,2348077959068,adamslucas@hotmail.com,"Bonny, Rivers"
AGT817,Kathryn Patton,Nest Away,2348097131540,amber23@cisneros.com,"Nasarawa, Kano"
AGT818,Katrina Williams,Home Finders,2348072065617,christopher12@hawkins.org,"Fagge, Kano"
AGT819,Thomas Lynch,Home Finders,2348048649601,chambersrobert@warner.com,"Bonny, Rivers"
AGT820,Michelle Lee,Home Finders,2348011385159,jimsnyder@yahoo.com,"Kano, Kano"
AGT821,Mary Knight,Home Finders,2348077718480,chapmanjulie@green.com,"Fagge, Kano"
AGT822,Erica Richard,Home Finders,2348025682275,david87@yahoo.com,"Ibadan, Oyo"
AGT823,Courtney Norris DVM,Home Finders,2348029947547,frankcollins@garrett.com,"Kano, Kano"
AGT824,Antonio Johnson,Home Finders,2348032588172,pattonbryan@yahoo.com,"Ikorodu, Lagos"
AGT825,John Patterson,Nest Away,2348024236463,debra07@murphy.org,"Ibadan, Oyo"
AGT826,Kevin Palmer,Nest Away,2348090838200,brandy82@gmail.com,"Ikeja, Lagos"
AGT827,Rachel Peterson,Home Finders,2348099324622,vgreene@hotmail.com,"Ogbomosho, Oyo"
AGT828,Tiffany Rivera,Home Finders,2348076481027,richardmckenzie@gmail.com,"Surulere, Lagos"
AGT829,Julian White,Nest Away,2348022681476,meganlozano@decker.biz,"Surulere, Lagos"
AGT830,Melissa Stewart,Home Finders,2348035124449,samanthahines@hotmail.com,"Kano, Kano"
AGT831,Stephen Potter,Nest Away,2348092778089,lstone@yahoo.com,"Obio-Akpor, Rivers"
AGT832,Taylor Brooks,Home Finders,2348072199925,karenphillips@bell.org,"Bonny, Rivers"
AGT833,Heather Miller,Home Finders,2348094612181,sara11@ward.com,"Fagge, Kano"
AGT834,Alexandra Valdez,Nest Away,2348068549800,uperez@clark.net,"Port Harcourt, Rivers"
AGT835,Shane Torres,Home Finders,2348021568480,wcochran@perez-simmons.biz,"Ibadan, Oyo"
AGT836,Chelsea Rodriguez,Home Finders,2348092887892,christopher18@gmail.com,"Garki, Abuja FCT"
AGT837,Joseph Jackson,Nest Away,2348024148036,hmoore@gmail.com,"Nasarawa, Kano"
AGT838,Mitchell Stevens,Home Finders,2348048488047,rittersean@jacobs-wright.com,"Port Harcourt, Rivers"
AGT839,Christopher Williamson,Nest Away,2348019339029,qcruz@gmail.com,"Ogbomosho, Oyo"
AGT840,Philip Martinez,Nest Away,2348069886480,camposwilliam@yahoo.com,"Oyo Town, Oyo"
AGT841,David Fletcher,Nest Away,2348084059443,ellen77@jones-kelley.com,"Nasarawa, Kano"
AGT842,Jeremiah Thompson,Home Finders,2348086830962,scottwilliams@cain.com,"Ogbomosho, Oyo"
AGT843,Melanie Brown,Home Finders,2348022381399,jenniferwilliams@rodriguez.com,"Bonny, Rivers"
AGT844,Daniel Barrett,Nest Away,2348027062291,bradley36@yahoo.com,"Obio-Akpor, Rivers"
AGT845,Mark Henson,Home Finders,2348059857504,bjones@hotmail.com,"Ogbomosho, Oyo"
AGT846,Amy Brooks,Nest Away,2348074582407,edwardharris@gmail.com,"Ikorodu, Lagos"
AGT847,Joshua Knox,Nest Away,2348047228655,cathyjames@white-soto.com,"Maitama, Abuja FCT"
AGT848,Elizabeth Ray,Home Finders,2348087786253,michelle71@sanders-jackson.info,"Kano, Kano"
AGT849,Eric Campbell,Home Finders,2348029331950,cookjennifer@gmail.com,"Ogbomosho, Oyo"
AGT850,Martin Chapman MD,Home Finders,2348037187070,cruzariel@hines.com,"Obio-Akpor, Rivers"
AGT851,Terry Hernandez,Nest Away,2348097449682,alexanderwise@dawson.com,"Ogbomosho, Oyo"
AGT852,Haley Thomas,Home Finders,2348018076555,ahale@velasquez.com,"Ikorodu, Lagos"
AGT853,Joanne Olsen,Home Finders,2348095251058,brianwhite@green.info,"Nasarawa, Kano"
AGT854,Ashlee Brown,Home Finders,2348082296289,davisalexa@bennett.com,"Nasarawa, Kano"
AGT855,Henry Rivera,Home Finders,2348022075101,bryantholly@houston.com,"Ikorodu, Lagos"
AGT856,Shelley Montes,Home Finders,2348088942114,fhall@yahoo.com,"Nasarawa, Kano"
AGT857,Robert Turner,Nest Away,2348058515929,peggyfriedman@yahoo.com,"Port Harcourt, Rivers"
AGT858,David Alvarez,Home Finders,2348094019584,sandraschultz@davis-holt.com,"Garki, Abuja FCT"
AGT859,Brian Peterson,Home Finders,2348018145263,berrydavid@finley-ray.com,"Fagge, Kano"
AGT860,Joshua Murray,Nest Away,2348061528873,mary77@guzman.com,"Fagge, Kano"
AGT861,Mrs. Samantha Clark,Home Finders,2348066506603,leblanckimberly@luna-evans.com,"Asokoro, Abuja FCT"
AGT862,Kimberly Davis,Home Finders,2348041861591,hornjenna@yahoo.com,"Oyo Town, Oyo"
AGT863,Jessica Skinner,Nest Away,2348015662934,kellythomas@wilson.com,"Ibadan, Oyo"
AGT864,Patty Esparza,Home Finders,2348049000479,phancock@hill-delgado.com,"Lekki, Lagos"
AGT865,Zachary Park,Home Finders,2348055417034,corybrown@hotmail.com,"Ogbomosho, Oyo"
AGT866,Rebecca Martinez,Home Finders,2348016200213,denisemiller@york-johnson.com,"Nasarawa, Kano"
AGT867,Yesenia Obrien,Nest Away,2348079644554,batesbradley@lopez.com,"Lekki, Lagos"
AGT868,Bradley King,Nest Away,2348031100279,amandajones@hotmail.com,"Bonny, Rivers"
AGT869,Joseph Sutton,Nest Away,2348013317620,murphychristopher@yahoo.com,"Bonny, Rivers"
AGT870,Renee Davis,Home Finders,2348046838009,andrea91@gmail.com,"Maitama, Abuja FCT"
AGT871,Brittney Martinez,Nest Away,2348055722553,brian53@hotmail.com,"Wuse, Abuja FCT"
AGT872,Angie Torres,Nest Away,2348050216625,walterschase@gmail.com,"Oyo Town, Oyo"
AGT873,Adrian Lee,Home Finders,2348033008094,vpark@sanchez-stevenson.net,"Surulere, Lagos"
AGT874,Gail Shelton,Home Finders,2348065144861,kevin44@smith.org,"Lekki, Lagos"
AGT875,Aaron Zamora,Nest Away,2348071600090,ggomez@vasquez-miller.net,"Kano, Kano"
AGT876,Debra Mayo,Nest Away,2348092279159,donaldburgess@gmail.com,"Ogbomosho, Oyo"
AGT877,Mrs. Katherine Simpson,Home Finders,2348020272170,karen68@mclean.com,"Wuse, Abuja FCT"
AGT878,Christian Dixon,Home Finders,2348099965548,katie43@hoover.com,"Yaba, Lagos"
AGT879,Sean James,Home Finders,2348069144114,jeffreysimmons@gmail.com,"Port Harcourt, Rivers"
AGT880,Matthew Morris,Home Finders,2348012152643,mramirez@gmail.com,"Garki, Abuja FCT"
AGT881,Donald Silva,Nest Away,2348063024581,andersonjulia@williams.com,"Kano, Kano"
AGT882,Joan Love,Home Finders,2348090378849,webbalexandra@hotmail.com,"Ibadan, Oyo"
AGT883,Richard Morales,Nest Away,2348078588767,jackmoore@gmail.com,"Surulere, Lagos"
AGT884,Charles Stephenson,Home Finders,2348090272292,morgan03@nichols.com,"Wuse, Abuja FCT"
AGT885,Vincent Thompson,Nest Away,2348094527978,sharphailey@scott.com,"Garki, Abuja FCT"
AGT886,John Crawford,Home Finders,2348091315976,lisathompson@hotmail.com,"Ogbomosho, Oyo"
AGT887,Tracy Garcia,Home Finders,2348089884158,morrisonnicholas@rodriguez.com,"Port Harcourt, Rivers"
AGT888,John Sanchez,Nest Away,2348064298487,smithbradley@hotmail.com,"Asokoro, Abuja FCT"
AGT889,Melinda Mcdaniel,Nest Away,2348066913730,hjackson@garcia.com,"Kano, Kano"
AGT890,Hannah Garcia,Nest Away,2348020784168,sarah10@gmail.com,"Lekki, Lagos"
AGT891,Frank Anderson,Home Finders,2348032602089,luis67@hotmail.com,"Ibadan, Oyo"
AGT892,Samantha Cruz,Home Finders,2348036969824,jacquelineyoung@gmail.com,"Maitama, Abuja FCT"
AGT893,Kristen Velazquez,Home Finders,2348011275951,jasonwalker@hotmail.com,"Ikorodu, Lagos"
AGT894,Keith Cervantes,Home Finders,2348099265296,terrytaylor@hale.com,"Ogbomosho, Oyo"
AGT895,Michelle Henderson,Home Finders,2348010419981,teresa86@paul.org,"Ibadan, Oyo"
AGT896,Derrick Garcia,Home Finders,2348076830369,anthony42@hotmail.com,"Ogbomosho, Oyo"
AGT897,Tony Smith,Nest Away,2348026521948,susan83@yahoo.com,"Oyo Town, Oyo"
AGT898,Anna Higgins,Home Finders,2348021964091,kaylamartin@black.com,"Maitama, Abuja FCT"
AGT899,Wendy Davis,Home Finders,2348063057930,katiecollins@porter.com,"Nasarawa, Kano"
AGT900,Katherine Cox,Nest Away,2348074194023,nortiz@hotmail.com,"Ogbomosho, Oyo"
AGT901,Amy Gibbs,Nest Away,2348073541573,melissaroberts@hudson.com,"Asokoro, Abuja FCT"
AGT902,Gary Stewart,Home Finders,2348038154362,jacquelinealvarez@yahoo.com,"Maitama, Abuja FCT"
AGT903,Alexander Blake,Home Finders,2348014562440,johnny21@gmail.com,"Ibadan, Oyo"
AGT904,Elizabeth Gonzalez,Home Finders,2348088765739,salvarez@gmail.com,"Surulere, Lagos"
AGT905,Jimmy Hernandez,Home Finders,2348079645728,conneremily@yahoo.com,"Surulere, Lagos"
AGT906,Valerie Ray,Nest Away,2348050074450,lisa04@shaw-parrish.info,"Nasarawa, Kano"
AGT907,Carla Graham,Home Finders,2348098934947,swalters@hotmail.com,"Ibadan, Oyo"
AGT908,Jason Walker,Nest Away,2348071212377,ewilson@gmail.com,"Fagge, Kano"
AGT909,Steven Blankenship,Home Finders,2348026726377,mcculloughrobert@johnson.net,"Port Harcourt, Rivers"
AGT910,Kelly Kim,Nest Away,2348075715496,williamwelch@cameron-burton.com,"Surulere, Lagos"
AGT911,Paula Lopez,Home Finders,2348029148862,james36@hopkins-hill.com,"Nasarawa, Kano"
AGT912,John Johnson,Home Finders,2348064561490,echung@mcdaniel.com,"Port Harcourt, Rivers"
AGT913,Dawn Martinez,Home Finders,2348092716588,holmeskathleen@camacho.com,"Obio-Akpor, Rivers"
AGT914,Julie Lamb,Home Finders,2348060101289,qnielsen@gmail.com,"Ogbomosho, Oyo"
AGT915,Lisa Lawson,Nest Away,2348071787651,ashleybrooks@hotmail.com,"Fagge, Kano"
AGT916,Heather Jones,Home Finders,2348073176107,dustin51@gmail.com,"Ikorodu, Lagos"
AGT917,Jennifer Avila,Nest Away,2348054454724,james07@yahoo.com,"Maitama, Abuja FCT"
AGT918,Susan Mitchell DVM,Home Finders,2348077108989,huangsamantha@gmail.com,"Lekki, Lagos"
AGT919,Katherine Williams,Home Finders,2348099433358,psnyder@gmail.com,"Maitama, Abuja FCT"
AGT920,Kimberly Smith,Nest Away,2348051130478,nicole01@valentine.com,"Maitama, Abuja FCT"
AGT921,Joseph Lane,Home Finders,2348098641515,marc73@gmail.com,"Ibadan, Oyo"
AGT922,Brian Clark,Home Finders,2348097274855,jeanette28@gmail.com,"Ibadan, Oyo"
AGT923,Laura Garcia,Home Finders,2348035730441,mcgeejohn@yahoo.com,"Obio-Akpor, Rivers"
AGT924,James Reilly,Nest Away,2348081466893,jaime29@moreno-snyder.biz,"Ikeja, Lagos"
AGT925,Jennifer Long,Home Finders,2348049777260,tyler23@walsh-mccarthy.com,"Obio-Akpor, Rivers"
AGT926,Jessica Smith,Home Finders,2348021173109,jacksonkathleen@gmail.com,"Ikorodu, Lagos"
AGT927,Robert Rogers,Nest Away,2348039613670,veronica47@yahoo.com,"Ogbomosho, Oyo"
AGT928,Jason Robinson,Home Finders,2348012824921,tyler39@dominguez.com,"Maitama, Abuja FCT"
AGT929,Theresa Hill,Home Finders,2348043332025,rileyjacqueline@martinez.com,"Bonny, Rivers"
AGT930,Daniel Petersen,Home Finders,2348082950883,freemanadam@keller-smith.com,"Oyo Town, Oyo"
AGT931,Mandy Henderson,Home Finders,2348076011040,samantha94@elliott.com,"Ibadan, Oyo"
AGT932,Melissa Gordon,Home Finders,2348023948250,dgomez@yahoo.com,"Asokoro, Abuja FCT"
AGT933,Sherry Brown,Home Finders,2348027117558,richardsmith@hotmail.com,"Fagge, Kano"
AGT934,Nancy Brown,Nest Away,2348087561262,annacoffey@walker.com,"Nasarawa, Kano"
AGT935,Timothy Evans,Home Finders,2348028495379,loriskinner@hotmail.com,"Maitama, Abuja FCT"
AGT936,Dylan Contreras,Home Finders,2348034484603,elizabeth66@hotmail.com,"Maitama, Abuja FCT"
AGT937,Amanda Meadows,Nest Away,2348084377548,dkhan@smith-moore.net,"Wuse, Abuja FCT"
AGT938,Andrea Franco,Home Finders,2348017337905,mestes@hotmail.com,"Obio-Akpor, Rivers"
AGT939,Maurice Porter,Home Finders,2348042257238,kathleen31@gmail.com,"Kano, Kano"
AGT940,Mark Hawkins,Nest Away,2348023556377,travis43@harmon.net,"Ibadan, Oyo"
AGT941,Daniel Carey,Home Finders,2348058360842,christine82@gmail.com,"Asokoro, Abuja FCT"
AGT942,Danny Shepard,Home Finders,2348032779115,ewarner@gmail.com,"Kano, Kano"
AGT943,Victoria Delgado,Nest Away,2348093172511,robert35@taylor.com,"Bonny, Rivers"
AGT944,Ashley Crawford,Home Finders,2348039937437,ryan43@velazquez.com,"Yaba, Lagos"
AGT945,Greg Hull,Nest Away,2348025344634,christophersmith@burgess-beasley.net,"Ogbomosho, Oyo"
AGT946,Mary Jones,Home Finders,2348095320504,wthornton@wallace.com,"Ikeja, Lagos"
AGT947,Juan Martinez,Nest Away,2348074642647,spenceholly@duran.com,"Oyo Town, Oyo"
AGT948,Daniel Lopez,Home Finders,2348064544291,guerreroanthony@yahoo.com,"Garki, Abuja FCT"
AGT949,Tiffany Randolph,Home Finders,2348051200201,ucoleman@hotmail.com,"Kano, Kano"
AGT950,Luis Ward,Nest Away,2348048255801,martinezashley@yahoo.com,"Nasarawa, Kano"
AGT951,Todd Hill,Home Finders,2348039914362,alexanderjonathan@yahoo.com,"Nasarawa, Kano"
AGT952,Miguel Green,Nest Away,2348014385512,gregorymeredith@yahoo.com,"Ibadan, Oyo"
AGT953,Richard Rogers,Nest Away,2348031265947,thomas49@gmail.com,"Port Harcourt, Rivers"
AGT954,Jane Cuevas,Nest Away,2348061325510,benjaminvictoria@gordon.biz,"Lekki, Lagos"
AGT955,Randall Cox,Home Finders,2348071623079,kaitlin13@yahoo.com,"Ikeja, Lagos"
AGT956,Danielle Blankenship,Nest Away,2348052088657,laura55@miller.net,"Port Harcourt, Rivers"
AGT957,Beth Johnson,Home Finders,2348058974793,vaughnveronica@gmail.com,"Maitama, Abuja FCT"
AGT958,Ashley Bowen,Home Finders,2348047726289,stephanie67@davenport.com,"Kano, Kano"
AGT959,Raymond Hall,Home Finders,2348014531191,brandon88@hotmail.com,"Wuse, Abuja FCT"
AGT960,Mr. Christopher Crosby,Home Finders,2348054140102,middletonelizabeth@gmail.com,"Asokoro, Abuja FCT"
AGT961,Kelly Guerra,Nest Away,2348076927800,moransamantha@gmail.com,"Ogbomosho, Oyo"
AGT962,Megan Jones,Home Finders,2348096540325,hamiltonsarah@hotmail.com,"Ibadan, Oyo"
AGT963,Mr. Jonathan Anderson,Nest Away,2348023790014,aaronjones@carr.com,"Port Harcourt, Rivers"
AGT964,Mr. Brian Ibarra,Home Finders,2348032862463,umontes@gmail.com,"Oyo Town, Oyo"
AGT965,David Carter,Home Finders,2348049759879,xbrown@green-stewart.biz,"Ogbomosho, Oyo"
AGT966,Penny Rodriguez,Home Finders,2348070937796,cassidysmith@hotmail.com,"Surulere, Lagos"
AGT967,Susan Rivera,Home Finders,2348012226394,shelbyjohnson@fischer.com,"Lekki, Lagos"
AGT968,Jonathan Warner,Home Finders,2348016594707,smithmaria@hotmail.com,"Oyo Town, Oyo"
AGT969,Laura Bennett,Home Finders,2348018837886,walkerrichard@yahoo.com,"Ikeja, Lagos"
AGT970,Jennifer Hall,Nest Away,2348093499311,phart@yahoo.com,"Oyo Town, Oyo"
AGT971,Lacey Hall,Nest Away,2348088270257,robert52@gmail.com,"Ogbomosho, Oyo"
AGT972,John Peters,Nest Away,2348044029139,simmonschris@sherman.net,"Ogbomosho, Oyo"
AGT973,Shirley Nelson,Home Finders,2348036017047,anne22@yahoo.com,"Nasarawa, Kano"
AGT974,Christopher Ruiz,Nest Away,2348071072780,jacqueline31@ellis.org,"Fagge, Kano"
AGT975,Mary Jones,Nest Away,2348026567268,crossjoshua@elliott-martinez.net,"Yaba, Lagos"
AGT976,Lisa Thomas,Home Finders,2348073508844,morrispaula@gmail.com,"Port Harcourt, Rivers"
AGT977,Sophia Wilkinson,Home Finders,2348050935883,jennifer68@henry-mccormick.com,"Ogbomosho, Oyo"
AGT978,Timothy Cowan,Nest Away,2348021868737,mward@willis.com,"Obio-Akpor, Rivers"
AGT979,Anthony Armstrong,Nest Away,2348023072680,oosborn@henry-wells.net,"Surulere, Lagos"
AGT980,Joshua Lucero,Home Finders,2348019011655,cookemily@hurst-jackson.org,"Ibadan, Oyo"
AGT981,Jennifer Reid,Nest Away,2348026535158,joshua51@owens-huff.com,"Maitama, Abuja FCT"
AGT982,Brad Ramsey,Home Finders,2348048040286,mary32@brown-mccarthy.com,"Ikeja, Lagos"
AGT983,Martin Cole,Home Finders,2348057226789,herringbrenda@medina.biz,"Fagge, Kano"
AGT984,Thomas Holmes,Home Finders,2348016030286,ltaylor@watson-gray.org,"Nasarawa, Kano"
AGT985,Nicole Gonzales,Home Finders,2348069260945,esimon@gmail.com,"Surulere, Lagos"
AGT986,Terri Gonzalez,Nest Away,2348013253847,elizabethkramer@waller.com,"Maitama, Abuja FCT"
AGT987,Sarah Brooks,Home Finders,2348068905216,melvinruiz@hotmail.com,"Oyo Town, Oyo"
AGT988,Jessica Long,Nest Away,2348087222958,tracy90@blackwell.com,"Oyo Town, Oyo"
AGT989,Jessica Mitchell,Nest Away,2348054239393,ajohnson@gmail.com,"Maitama, Abuja FCT"
AGT990,Alexandra Valdez,Nest Away,2348050724121,twise@yahoo.com,"Port Harcourt, Rivers"
AGT991,Angela Smith,Home Finders,2348056053543,zacharymendez@yahoo.com,"Port Harcourt, Rivers"
AGT992,Jeremy Evans,Home Finders,2348027410219,howardbenjamin@foster.com,"Ogbomosho, Oyo"
AGT993,Molly Morgan,Home Finders,2348082668051,lmorales@hotmail.com,"Ibadan, Oyo"
AGT994,Timothy Hill,Home Finders,2348076962229,walter09@browning-gregory.com,"Wuse, Abuja FCT"
AGT995,Logan Chandler,Home Finders,2348014201833,vwalters@hotmail.com,"Bonny, Rivers"
AGT996,Matthew Duncan,Nest Away,2348086853413,whoffman@clark.com,"Nasarawa, Kano"
AGT997,Bonnie Lawson,Home Finders,2348046070658,fosterjason@duncan.com,"Nasarawa, Kano"
AGT998,Scott Simpson,Home Finders,2348087788611,margaret72@gmail.com,"Bonny, Rivers"
AGT999,Manuel Duarte,Nest Away,2348069097257,nguyenjohn@hotmail.com,"Ikorodu, Lagos"
